ForceInput_x_T[0],ForceInput_x_T[1],ForceInput_x_T[2],ForceInput_x_T[3],ForceInput_x_T[4],ForceInput_x_T[5]
-99398979.75464448,-10929975.984778717,19762999.366881713,96145576.5307411,78508260.63933659,-84087576.61235374
54425.799967729865,-25385.772817886427,-36456.826476085975,-31733.68260356134,-14215.332159413329,53526.12269004353
39358.737319036794,-21750.25141611806,-28642.936801024636,-20976.93151548013,-7183.946046308229,39134.69891843173
20865.24363267163,-20142.5428288153,-24902.450461862107,-4301.908884286246,3089.8105506857737,25500.77563206221
59910.58791972404,-34197.50255538279,-44364.24522596542,-31141.773366594793,-9705.922904905765,59602.64567323603
41478.30820332152,-27351.015317196114,-32512.148268505407,-19760.29818227974,-3023.8498327058423,41031.30241014262
34652.572720582866,-25132.80391932128,-23604.02764635776,-16879.332758969038,1698.7157165145672,29378.94162343863
29219.72467941614,-21135.646977826887,-25871.22124351351,-12021.128035044096,-801.3744428110476,30805.92129779209
51191.107386012314,-24566.24405761056,-31845.94729809779,-30418.868647611103,-11590.065172382816,47600.98834215579
102688.58004163114,-28672.47366575086,-57950.074047045375,-71001.93351663338,-46525.93523487021,101226.51159784717
99383.52720311357,-31309.214819985587,-60874.630575479576,-65459.76217858167,-42363.400656392405,100706.71817759251
99019.55056152071,-38906.589270795965,-62759.92313225572,-61764.58839289664,-33778.44497312003,98031.74182860141
101449.77175534486,-40598.3788026159,-61993.07746914884,-64058.126880287105,-32843.059687073604,97689.37004270246
92871.76299827761,-38309.95400903796,-52138.06822966585,-59767.90674338652,-26851.854988395302,84130.25332902059
93800.2994042833,-31940.677866666723,-53245.225267059985,-62548.194598499824,-35615.47285148764,89632.50833060284
35055.2320096312,-6467.570296412843,-16577.43268169624,-26690.683662412106,-18861.771131911035,33219.553307094
-27904.219420905458,8269.552187651123,20661.21784429596,17359.104642184186,14030.482737914588,-32199.31032106605
-63350.95876184473,7505.585636636497,35356.575487564834,47495.237193517416,40810.136753228864,-68010.79634472463
-44142.52930070366,6282.227893777481,20414.2533924949,34347.7320630559,25716.246910554528,-42426.7937695378
-38557.67732378351,-3480.256681698279,11848.11762300877,35280.58093319674,31031.763604660133,-36383.54344689142
-49958.11608249804,-8915.837910738233,9495.288425956434,49656.540138357945,43426.96827556963,-43565.08662037387
